-- Seed data for Smart Tags

DELETE FROM chat_messages;
DELETE FROM chat_rooms;
DELETE FROM communications;
DELETE FROM scan_sessions;
DELETE FROM payments;
DELETE FROM tags;
DELETE FROM vehicles;
DELETE FROM otp_codes;
DELETE FROM users;
DELETE FROM admin_users;

-- USERS (password: test1234)
INSERT INTO users (id, full_name, phone, email, password_hash, phone_verified, emergency_phone, emergency_name, lang_pref) VALUES
('a1000000-0000-0000-0000-000000000001', 'James Kamau', '+254712345678', 'james@example.com', '$2b$12$IEMYpqxGq02umGvwfjY1zefUX9wFEb0a8MJgvT2znxac1Vn1zKfyq', true, '+254722111222', 'Mary Kamau', 'en'),
('a1000000-0000-0000-0000-000000000002', 'Aisha Mohamed', '+254798765432', 'aisha@example.com', '$2b$12$IEMYpqxGq02umGvwfjY1zefUX9wFEb0a8MJgvT2znxac1Vn1zKfyq', true, '+254733222333', 'Hassan Mohamed', 'sw'),
('a1000000-0000-0000-0000-000000000003', 'Peter Ochieng', '+254701234567', 'peter@example.com', '$2b$12$IEMYpqxGq02umGvwfjY1zefUX9wFEb0a8MJgvT2znxac1Vn1zKfyq', true, NULL, NULL, 'en'),
('a1000000-0000-0000-0000-000000000004', 'Grace Wanjiku', '+254745678901', 'grace@example.com', '$2b$12$IEMYpqxGq02umGvwfjY1zefUX9wFEb0a8MJgvT2znxac1Vn1zKfyq', true, '+254755444555', 'John Wanjiku', 'en'),
('a1000000-0000-0000-0000-000000000005', 'David Mutua', '+254723456789', NULL, '$2b$12$IEMYpqxGq02umGvwfjY1zefUX9wFEb0a8MJgvT2znxac1Vn1zKfyq', false, NULL, NULL, 'en'),
('a1000000-0000-0000-0000-000000000006', 'Faith Njeri', '+254711222333', 'faith@example.com', '$2b$12$IEMYpqxGq02umGvwfjY1zefUX9wFEb0a8MJgvT2znxac1Vn1zKfyq', true, '+254766777888', 'Samuel Njeri', 'en'),
('a1000000-0000-0000-0000-000000000007', 'Brian Kiplagat', '+254700112233', NULL, '$2b$12$IEMYpqxGq02umGvwfjY1zefUX9wFEb0a8MJgvT2znxac1Vn1zKfyq', true, NULL, NULL, 'sw'),
('a1000000-0000-0000-0000-000000000008', 'Lucy Muthoni', '+254733445566', 'lucy@example.com', '$2b$12$IEMYpqxGq02umGvwfjY1zefUX9wFEb0a8MJgvT2znxac1Vn1zKfyq', true, '+254744556677', 'Tom Muthoni', 'en');

-- VEHICLES
INSERT INTO vehicles (id, user_id, license_plate, make, color, item_type) VALUES
('b1000000-0000-0000-0000-000000000001', 'a1000000-0000-0000-0000-000000000001', 'KDA 123A', 'Toyota Vitz', 'White', 'car'),
('b1000000-0000-0000-0000-000000000002', 'a1000000-0000-0000-0000-000000000001', 'KBZ 456B', 'Honda Fit', 'Silver', 'car'),
('b1000000-0000-0000-0000-000000000003', 'a1000000-0000-0000-0000-000000000002', 'KCA 789C', 'Mazda Demio', 'Red', 'car'),
('b1000000-0000-0000-0000-000000000004', 'a1000000-0000-0000-0000-000000000003', 'KCB 012D', 'Subaru Forester', 'Black', 'car'),
('b1000000-0000-0000-0000-000000000005', 'a1000000-0000-0000-0000-000000000004', 'KDD 345E', 'Toyota Probox', 'Grey', 'car'),
('b1000000-0000-0000-0000-000000000006', 'a1000000-0000-0000-0000-000000000004', 'BIKE-001', 'Yamaha FZ', 'Blue', 'bike'),
('b1000000-0000-0000-0000-000000000007', 'a1000000-0000-0000-0000-000000000005', 'KCE 678F', 'Nissan Note', 'White', 'car'),
('b1000000-0000-0000-0000-000000000008', 'a1000000-0000-0000-0000-000000000006', 'KDF 901G', 'Toyota Axio', 'Pearl', 'car'),
('b1000000-0000-0000-0000-000000000009', 'a1000000-0000-0000-0000-000000000006', 'LUGGAGE-001', 'Samsonite', 'Black', 'luggage'),
('b1000000-0000-0000-0000-000000000010', 'a1000000-0000-0000-0000-000000000007', 'KBB 234H', 'Suzuki Alto', 'Yellow', 'car'),
('b1000000-0000-0000-0000-000000000011', 'a1000000-0000-0000-0000-000000000008', 'KCC 567J', 'Mercedes C200', 'Black', 'car'),
('b1000000-0000-0000-0000-000000000012', 'a1000000-0000-0000-0000-000000000008', 'KEYS-001', 'House Keys', 'Silver', 'keys');

-- TAGS
INSERT INTO tags (id, vehicle_id, tag_code, status, is_paused, custom_message, activated_at, expires_at) VALUES
('c1000000-0000-0000-0000-000000000001', 'b1000000-0000-0000-0000-000000000001', 'ST-K3M8X2PQ', 'active', false, 'If blocking, I will move within 5 mins. Please call!', NOW() - INTERVAL '30 days', NOW() + INTERVAL '335 days'),
('c1000000-0000-0000-0000-000000000002', 'b1000000-0000-0000-0000-000000000002', 'ST-J7N4W9RT', 'active', false, NULL, NOW() - INTERVAL '15 days', NOW() + INTERVAL '350 days'),
('c1000000-0000-0000-0000-000000000003', 'b1000000-0000-0000-0000-000000000003', 'ST-H2B6Y1MK', 'active', false, 'Tafadhali piga simu. Nitahamisha gari.', NOW() - INTERVAL '45 days', NOW() + INTERVAL '320 days'),
('c1000000-0000-0000-0000-000000000004', 'b1000000-0000-0000-0000-000000000004', 'ST-F5D9A3LP', 'active', true, NULL, NOW() - INTERVAL '60 days', NOW() + INTERVAL '305 days'),
('c1000000-0000-0000-0000-000000000005', 'b1000000-0000-0000-0000-000000000005', 'ST-G8C2E7NS', 'active', false, 'Emergency? Call my secondary number.', NOW() - INTERVAL '10 days', NOW() + INTERVAL '355 days'),
('c1000000-0000-0000-0000-000000000006', 'b1000000-0000-0000-0000-000000000006', 'ST-V4R1T6BW', 'active', false, NULL, NOW() - INTERVAL '5 days', NOW() + INTERVAL '360 days'),
('c1000000-0000-0000-0000-000000000007', 'b1000000-0000-0000-0000-000000000007', 'ST-U9Q5X8DZ', 'pending', false, NULL, NULL, NULL),
('c1000000-0000-0000-0000-000000000008', 'b1000000-0000-0000-0000-000000000008', 'ST-W3M7K2FH', 'active', false, NULL, NOW() - INTERVAL '20 days', NOW() + INTERVAL '345 days'),
('c1000000-0000-0000-0000-000000000009', 'b1000000-0000-0000-0000-000000000009', 'ST-L6P4N9CJ', 'active', false, 'Lost luggage! Please contact me immediately.', NOW() - INTERVAL '3 days', NOW() + INTERVAL '362 days'),
('c1000000-0000-0000-0000-000000000010', 'b1000000-0000-0000-0000-000000000010', 'ST-Y1S8B5GV', 'active', false, NULL, NOW() - INTERVAL '25 days', NOW() + INTERVAL '340 days'),
('c1000000-0000-0000-0000-000000000011', 'b1000000-0000-0000-0000-000000000011', 'ST-Z2T3C4DW', 'active', false, 'VIP parking. Please do not block.', NOW() - INTERVAL '40 days', NOW() + INTERVAL '325 days'),
('c1000000-0000-0000-0000-000000000012', 'b1000000-0000-0000-0000-000000000012', 'ST-A5B6C7DE', 'active', false, 'Lost keys! Reward offered. Call me.', NOW() - INTERVAL '1 day', NOW() + INTERVAL '364 days');

-- SCAN SESSIONS
INSERT INTO scan_sessions (id, tag_id, scanner_ip, scanner_phone, source, latitude, longitude, user_agent, created_at) VALUES
('d1000000-0000-0000-0000-000000000001', 'c1000000-0000-0000-0000-000000000001', '192.168.1.10', '+254799000111', 'qr', -1.2921, 36.8219, 'Mozilla/5.0 (iPhone)', NOW() - INTERVAL '2 hours'),
('d1000000-0000-0000-0000-000000000002', 'c1000000-0000-0000-0000-000000000003', '10.0.0.5', '+254788222333', 'qr', -1.2864, 36.8172, 'Mozilla/5.0 (Android)', NOW() - INTERVAL '3 hours'),
('d1000000-0000-0000-0000-000000000003', 'c1000000-0000-0000-0000-000000000005', '172.16.0.20', NULL, 'qr', -1.3001, 36.7890, 'Mozilla/5.0 (Android)', NOW() - INTERVAL '1 hour'),
('d1000000-0000-0000-0000-000000000004', 'c1000000-0000-0000-0000-000000000001', '192.168.1.15', '+254777444555', 'qr', -1.2950, 36.8200, 'Mozilla/5.0 (iPhone)', NOW() - INTERVAL '30 minutes'),
('d1000000-0000-0000-0000-000000000005', 'c1000000-0000-0000-0000-000000000011', '10.10.10.10', NULL, 'qr', -1.2634, 36.8035, 'Mozilla/5.0 (Android)', NOW() - INTERVAL '45 minutes'),
('d1000000-0000-0000-0000-000000000006', 'c1000000-0000-0000-0000-000000000002', '192.168.2.5', '+254766333444', 'qr', -1.2800, 36.8150, 'Mozilla/5.0 (iPhone)', NOW() - INTERVAL '1 day 2 hours'),
('d1000000-0000-0000-0000-000000000007', 'c1000000-0000-0000-0000-000000000008', '10.0.1.15', NULL, 'qr', -1.2700, 36.8250, 'Mozilla/5.0 (Android)', NOW() - INTERVAL '1 day 5 hours'),
('d1000000-0000-0000-0000-000000000008', 'c1000000-0000-0000-0000-000000000001', '172.16.1.1', '+254755666777', 'qr', -1.2921, 36.8219, 'Mozilla/5.0 (iPhone)', NOW() - INTERVAL '1 day 8 hours'),
('d1000000-0000-0000-0000-000000000009', 'c1000000-0000-0000-0000-000000000003', '192.168.3.10', '+254744888999', 'qr', -1.2550, 36.7980, 'Mozilla/5.0 (Android)', NOW() - INTERVAL '3 days'),
('d1000000-0000-0000-0000-000000000010', 'c1000000-0000-0000-0000-000000000005', '10.0.2.20', NULL, 'qr', -1.3100, 36.7850, 'Mozilla/5.0 (iPhone)', NOW() - INTERVAL '5 days'),
('d1000000-0000-0000-0000-000000000011', 'c1000000-0000-0000-0000-000000000010', '192.168.4.5', '+254733111222', 'qr', -1.2400, 36.8300, 'Mozilla/5.0 (Android)', NOW() - INTERVAL '7 days'),
('d1000000-0000-0000-0000-000000000012', 'c1000000-0000-0000-0000-000000000001', '10.0.3.30', '+254722555666', 'qr', -1.2921, 36.8219, 'Mozilla/5.0 (iPhone)', NOW() - INTERVAL '10 days'),
('d1000000-0000-0000-0000-000000000013', 'c1000000-0000-0000-0000-000000000006', '172.16.2.2', NULL, 'qr', -1.2750, 36.8100, 'Mozilla/5.0 (Android)', NOW() - INTERVAL '2 days'),
('d1000000-0000-0000-0000-000000000014', 'c1000000-0000-0000-0000-000000000009', '192.168.5.15', '+254711999000', 'qr', -4.0435, 39.6682, 'Mozilla/5.0 (iPhone)', NOW() - INTERVAL '1 day'),
('d1000000-0000-0000-0000-000000000015', 'c1000000-0000-0000-0000-000000000012', '10.0.4.40', '+254700123456', 'qr', -1.2600, 36.8050, 'Mozilla/5.0 (Android)', NOW() - INTERVAL '6 hours');

-- COMMUNICATIONS
INSERT INTO communications (id, scan_session_id, type, target, at_session_id, status, duration_secs, cost_kes) VALUES
('e1000000-0000-0000-0000-000000000001', 'd1000000-0000-0000-0000-000000000001', 'call', 'owner', 'ATSid_001', 'completed', 45, 5.00),
('e1000000-0000-0000-0000-000000000002', 'd1000000-0000-0000-0000-000000000002', 'sms', 'owner', 'ATSid_002', 'sent', NULL, 1.00),
('e1000000-0000-0000-0000-000000000003', 'd1000000-0000-0000-0000-000000000004', 'call', 'owner', 'ATSid_003', 'completed', 30, 5.00),
('e1000000-0000-0000-0000-000000000004', 'd1000000-0000-0000-0000-000000000006', 'sms', 'owner', 'ATSid_004', 'sent', NULL, 1.00),
('e1000000-0000-0000-0000-000000000005', 'd1000000-0000-0000-0000-000000000008', 'call', 'emergency', 'ATSid_005', 'completed', 60, 5.00),
('e1000000-0000-0000-0000-000000000006', 'd1000000-0000-0000-0000-000000000009', 'sms', 'owner', 'ATSid_006', 'sent', NULL, 1.00),
('e1000000-0000-0000-0000-000000000007', 'd1000000-0000-0000-0000-000000000011', 'call', 'owner', 'ATSid_007', 'no-answer', NULL, 0.00),
('e1000000-0000-0000-0000-000000000008', 'd1000000-0000-0000-0000-000000000014', 'sms', 'owner', 'ATSid_008', 'sent', NULL, 1.00);

-- PAYMENTS
INSERT INTO payments (id, user_id, tag_id, amount_kes, mpesa_checkout_id, mpesa_receipt, phone_used, status, description, created_at, completed_at) VALUES
('f1000000-0000-0000-0000-000000000001', 'a1000000-0000-0000-0000-000000000001', 'c1000000-0000-0000-0000-000000000001', 500.00, 'ws_CO_001', 'SHK7Y1Z2X3', '+254712345678', 'completed', 'Smart Tag ST-K3M8X2PQ', NOW() - INTERVAL '30 days', NOW() - INTERVAL '30 days'),
('f1000000-0000-0000-0000-000000000002', 'a1000000-0000-0000-0000-000000000001', 'c1000000-0000-0000-0000-000000000002', 500.00, 'ws_CO_002', 'QJK8R2A4B5', '+254712345678', 'completed', 'Smart Tag ST-J7N4W9RT', NOW() - INTERVAL '15 days', NOW() - INTERVAL '15 days'),
('f1000000-0000-0000-0000-000000000003', 'a1000000-0000-0000-0000-000000000002', 'c1000000-0000-0000-0000-000000000003', 500.00, 'ws_CO_003', 'PLM9S3C5D6', '+254798765432', 'completed', 'Smart Tag ST-H2B6Y1MK', NOW() - INTERVAL '45 days', NOW() - INTERVAL '45 days'),
('f1000000-0000-0000-0000-000000000004', 'a1000000-0000-0000-0000-000000000003', 'c1000000-0000-0000-0000-000000000004', 500.00, 'ws_CO_004', 'WXN1T4E6F7', '+254701234567', 'completed', 'Smart Tag ST-F5D9A3LP', NOW() - INTERVAL '60 days', NOW() - INTERVAL '60 days'),
('f1000000-0000-0000-0000-000000000005', 'a1000000-0000-0000-0000-000000000004', 'c1000000-0000-0000-0000-000000000005', 500.00, 'ws_CO_005', 'RYO2U5G7H8', '+254745678901', 'completed', 'Smart Tag ST-G8C2E7NS', NOW() - INTERVAL '10 days', NOW() - INTERVAL '10 days'),
('f1000000-0000-0000-0000-000000000006', 'a1000000-0000-0000-0000-000000000004', 'c1000000-0000-0000-0000-000000000006', 500.00, 'ws_CO_006', 'TZP3V6I8J9', '+254745678901', 'completed', 'Smart Tag ST-V4R1T6BW', NOW() - INTERVAL '5 days', NOW() - INTERVAL '5 days'),
('f1000000-0000-0000-0000-000000000007', 'a1000000-0000-0000-0000-000000000005', 'c1000000-0000-0000-0000-000000000007', 500.00, 'ws_CO_007', NULL, '+254723456789', 'failed', 'Smart Tag ST-U9Q5X8DZ', NOW() - INTERVAL '2 days', NULL),
('f1000000-0000-0000-0000-000000000008', 'a1000000-0000-0000-0000-000000000006', 'c1000000-0000-0000-0000-000000000008', 500.00, 'ws_CO_008', 'UAQ4W7K9L0', '+254711222333', 'completed', 'Smart Tag ST-W3M7K2FH', NOW() - INTERVAL '20 days', NOW() - INTERVAL '20 days'),
('f1000000-0000-0000-0000-000000000009', 'a1000000-0000-0000-0000-000000000006', 'c1000000-0000-0000-0000-000000000009', 500.00, 'ws_CO_009', 'VBR5X8L0M1', '+254711222333', 'completed', 'Smart Tag ST-L6P4N9CJ', NOW() - INTERVAL '3 days', NOW() - INTERVAL '3 days'),
('f1000000-0000-0000-0000-000000000010', 'a1000000-0000-0000-0000-000000000007', 'c1000000-0000-0000-0000-000000000010', 500.00, 'ws_CO_010', 'WCS6Y9M1N2', '+254700112233', 'completed', 'Smart Tag ST-Y1S8B5GV', NOW() - INTERVAL '25 days', NOW() - INTERVAL '25 days'),
('f1000000-0000-0000-0000-000000000011', 'a1000000-0000-0000-0000-000000000008', 'c1000000-0000-0000-0000-000000000011', 500.00, 'ws_CO_011', 'XDT7Z0N2O3', '+254733445566', 'completed', 'Smart Tag ST-Z2T3C4DW', NOW() - INTERVAL '40 days', NOW() - INTERVAL '40 days'),
('f1000000-0000-0000-0000-000000000012', 'a1000000-0000-0000-0000-000000000008', 'c1000000-0000-0000-0000-000000000012', 500.00, 'ws_CO_012', 'YEU8A1O3P4', '+254733445566', 'completed', 'Smart Tag ST-A5B6C7DE', NOW() - INTERVAL '1 day', NOW() - INTERVAL '1 day'),
('f1000000-0000-0000-0000-000000000013', 'a1000000-0000-0000-0000-000000000005', 'c1000000-0000-0000-0000-000000000007', 500.00, 'ws_CO_013', NULL, '+254723456789', 'pending', 'Smart Tag ST-U9Q5X8DZ', NOW() - INTERVAL '1 hour', NULL);

-- CHAT ROOMS
INSERT INTO chat_rooms (id, tag_id, finder_token, is_active, created_at) VALUES
('a0a0a0a0-0000-0000-0000-000000000001', 'c1000000-0000-0000-0000-000000000001', 'tok_abc123def456ghi789jkl012mno345pqr678stu901vwx234yz5670000', true, NOW() - INTERVAL '2 hours'),
('a0a0a0a0-0000-0000-0000-000000000002', 'c1000000-0000-0000-0000-000000000011', 'tok_xyz789abc012def345ghi678jkl901mno234pqr567stu890vwx1230000', true, NOW() - INTERVAL '45 minutes');

-- CHAT MESSAGES
INSERT INTO chat_messages (room_id, sender_role, body, created_at) VALUES
('a0a0a0a0-0000-0000-0000-000000000001', 'finder', 'Hi, your white Toyota Vitz KDA 123A is blocking my car at Westlands parking.', NOW() - INTERVAL '2 hours'),
('a0a0a0a0-0000-0000-0000-000000000001', 'owner', 'Sorry about that! I will be there in 5 minutes.', NOW() - INTERVAL '115 minutes'),
('a0a0a0a0-0000-0000-0000-000000000001', 'finder', 'Thank you! I am in the blue Toyota next to yours.', NOW() - INTERVAL '110 minutes'),
('a0a0a0a0-0000-0000-0000-000000000001', 'owner', 'On my way now. Will move it shortly.', NOW() - INTERVAL '105 minutes'),
('a0a0a0a0-0000-0000-0000-000000000002', 'finder', 'Your Mercedes C200 is parked in a no-parking zone. Traffic police are ticketing.', NOW() - INTERVAL '40 minutes'),
('a0a0a0a0-0000-0000-0000-000000000002', 'owner', 'Oh no! Coming right now. Thank you for the heads up!', NOW() - INTERVAL '35 minutes');

-- ADMIN USER (password: admin123)
INSERT INTO admin_users (email, password_hash, role) VALUES
('admin@smarttags.co.ke', '$2b$12$OF4Wjz8gepxr26Yf6cEDWej151s8Fpg6xIi1LVn1ROuYwEdTlSOLi', 'superadmin');
